2016-01-16 00:00:00,82079225.0
2016-01-17 00:00:00,82162082.0
2016-01-18 00:00:00,82277864.0
2016-01-19 00:00:00,82330747.0
2016-01-20 00:00:00,82452976.0
2016-01-21 00:00:00,82543807.0
2016-01-22 00:00:00,82650066.0
2016-01-23 00:00:00,82761550.0
2016-01-24 00:00:00,82911337.0
2016-01-25 00:00:00,83059408.0
2016-01-26 00:00:00,83249159.0
2016-01-27 00:00:00,83445640.0
2016-01-28 00:00:00,83696391.0
2016-01-29 00:00:00,83809087.0
2016-01-30 00:00:00,83916886.0
2016-01-31 00:00:00,84016057.0
2016-02-01 00:00:00,84142397.0
2016-02-02 00:00:00,84216178.0
2016-02-03 00:00:00,
2016-02-04 00:00:00,84333955.0
2016-02-05 00:00:00,84380052.0
2016-02-06 00:00:00,84422431.0
2016-02-07 00:00:00,84519241.0
2016-02-08 00:00:00,84585086.0
2016-02-09 00:00:00,84655388.0
2016-02-10 00:00:00,84819190.0
2016-02-11 00:00:00,85106129.0
2016-02-12 00:00:00,85191076.0
2016-02-13 00:00:00,85290286.0
2016-02-14 00:00:00,85361861.0
2016-02-15 00:00:00,85436032.0
2016-02-16 00:00:00,85540557.0
2016-02-17 00:00:00,85653511.0
2016-02-18 00:00:00,85812750.0
2016-02-19 00:00:00,85973463.0
2016-02-20 00:00:00,86163097.0
2016-02-21 00:00:00,86294966.0
2016-02-22 00:00:00,86605121.0
2016-02-23 00:00:00,86926895.0
2016-02-24 00:00:00,87077293.0
2016-02-25 00:00:00,87205643.0
2016-02-26 00:00:00,87290191.0
2016-02-27 00:00:00,87375622.0
2016-02-28 00:00:00,87443877.0
2016-02-29 00:00:00,87497661.0
2016-03-01 00:00:00,87549868.0
2016-03-02 00:00:00,87645627.0
2016-03-03 00:00:00,87787209.0
2016-03-04 00:00:00,87846152.0
2016-03-05 00:00:00,87922124.0
2016-03-06 00:00:00,88029652.0
2016-03-07 00:00:00,
2016-03-08 00:00:00,88094627.0
2016-03-09 00:00:00,88196838.0
2016-03-10 00:00:00,88282432.0
2016-03-11 00:00:00,88371270.0
2016-03-12 00:00:00,88428682.0
2016-03-13 00:00:00,88481719.0
2016-03-14 00:00:00,88521560.0
2016-03-15 00:00:00,88582283.0
2016-03-16 00:00:00,88673325.0
2016-03-17 00:00:00,88713516.0
2016-03-18 00:00:00,89419609.0
2016-03-19 00:00:00,89759070.0
2016-03-20 00:00:00,90126510.0
2016-03-21 00:00:00,90260887.0
2016-03-22 00:00:00,90637530.0
2016-03-23 00:00:00,91041446.0
2016-03-24 00:00:00,91531356.0
2016-03-25 00:00:00,91715544.0
2016-03-26 00:00:00,91915661.0
2016-03-27 00:00:00,92395366.0
2016-03-28 00:00:00,92435293.0
2016-03-29 00:00:00,92543917.0
2016-03-30 00:00:00,92675191.0
2016-03-31 00:00:00,92810985.0
2016-04-01 00:00:00,92883460.0
2016-04-02 00:00:00,93001900.0
2016-04-03 00:00:00,93052103.0
2016-04-04 00:00:00,93102621.0
2016-04-05 00:00:00,93154514.0
2016-04-06 00:00:00,93227048.0
2016-04-07 00:00:00,93367296.0
2016-04-08 00:00:00,93445845.0
2016-04-09 00:00:00,93506446.0
2016-04-10 00:00:00,93563834.0
2016-04-11 00:00:00,93604566.0
2016-04-12 00:00:00,93664197.0
2016-04-13 00:00:00,93698556.0
2016-04-14 00:00:00,93736167.0
2016-04-15 00:00:00,93787962.0
2016-04-16 00:00:00,93841838.0
2016-04-17 00:00:00,93890853.0
2016-04-18 00:00:00,94075957.0
2016-04-19 00:00:00,94135033.0
2016-04-20 00:00:00,94195339.0
2016-04-21 00:00:00,94246550.0
2016-04-22 00:00:00,94318451.0
2016-04-23 00:00:00,94373656.0
2016-04-24 00:00:00,94436319.0
2016-04-25 00:00:00,94540567.0
2016-04-26 00:00:00,94741469.0
2016-04-27 00:00:00,94825985.0
2016-04-28 00:00:00,94955355.0
2016-04-29 00:00:00,95061529.0
2016-04-30 00:00:00,95202029.0
2016-05-01 00:00:00,95296453.0
2016-05-02 00:00:00,95476486.0
2016-05-03 00:00:00,95639509.0
2016-05-04 00:00:00,95700637.0
2016-05-05 00:00:00,95823422.0
2016-05-06 00:00:00,95915739.0
2016-05-07 00:00:00,96059623.0
2016-05-08 00:00:00,96165413.0
2016-05-09 00:00:00,96284968.0
2016-05-10 00:00:00,96321893.0
2016-05-11 00:00:00,96380985.0
2016-05-12 00:00:00,96410828.0
2016-05-13 00:00:00,96445491.0
2016-05-14 00:00:00,96519254.0
2016-05-15 00:00:00,96590813.0
2016-05-16 00:00:00,96698440.0
2016-05-17 00:00:00,96766856.0
2016-05-18 00:00:00,96881947.0
2016-05-19 00:00:00,97003067.0
2016-05-20 00:00:00,97439099.0
2016-05-21 00:00:00,97646860.0
2016-05-22 00:00:00,97729884.0
2016-05-23 00:00:00,97865883.0
2016-05-24 00:00:00,97944600.0
2016-05-25 00:00:00,98021496.0
2016-05-26 00:00:00,98057818.0
2016-05-27 00:00:00,98157444.0
2016-05-28 00:00:00,98233875.0
2016-05-29 00:00:00,98300120.0
2016-05-30 00:00:00,98403775.0
2016-05-31 00:00:00,98442194.0
2016-06-01 00:00:00,98515431.0
2016-06-02 00:00:00,98602075.0
2016-06-03 00:00:00,98643480.0
2016-06-04 00:00:00,98727581.0
2016-06-05 00:00:00,99075678.0
2016-06-06 00:00:00,99298813.0
2016-06-07 00:00:00,99515354.0
2016-06-08 00:00:00,99891319.0
2016-06-09 00:00:00,99939395.0
2016-06-10 00:00:00,100031341.0
2016-06-11 00:00:00,100167841.0
2016-06-12 00:00:00,100380269.0
2016-06-13 00:00:00,100573682.0
2016-06-14 00:00:00,100632697.0
2016-06-15 00:00:00,101001797.0
2016-06-16 00:00:00,101359942.0
2016-06-17 00:00:00,101616996.0
2016-06-18 00:00:00,101774780.0
2016-06-19 00:00:00,101910323.0
2016-06-20 00:00:00,101995029.0
2016-06-21 00:00:00,102000956.0
2016-06-22 00:00:00,102065222.0
2016-06-23 00:00:00,102132738.0
2016-06-24 00:00:00,102269188.0
2016-06-25 00:00:00,102486943.0
2016-06-26 00:00:00,102773939.0
2016-06-27 00:00:00,102980970.0
2016-06-28 00:00:00,103000411.0
2016-06-29 00:00:00,103038237.0
2016-06-30 00:00:00,103142784.0
2016-07-01 00:00:00,103256556.0
2016-07-02 00:00:00,103391866.0
2016-07-03 00:00:00,103472747.0
2016-07-04 00:00:00,103596277.0
2016-07-05 00:00:00,103632210.0
2016-07-06 00:00:00,103810924.0
2016-07-07 00:00:00,103926181.0
2016-07-08 00:00:00,103994280.0
2016-07-09 00:00:00,104104377.0
2016-07-10 00:00:00,104177344.0
2016-07-11 00:00:00,104313937.0
2016-07-12 00:00:00,
2016-07-13 00:00:00,104367267.0
2016-07-14 00:00:00,104460660.0
2016-07-15 00:00:00,
2016-07-16 00:00:00,
2016-07-17 00:00:00,
2016-07-18 00:00:00,104795128.0
2016-07-19 00:00:00,
2016-07-20 00:00:00,
2016-07-21 00:00:00,105353230.0
2016-07-22 00:00:00,105395932.0
2016-07-23 00:00:00,105453843.0
2016-07-24 00:00:00,105539433.0
2016-07-25 00:00:00,105605353.0
2016-07-26 00:00:00,105655141.0
2016-07-27 00:00:00,105728993.0
2016-07-28 00:00:00,105798285.0
2016-07-29 00:00:00,105910596.0
2016-07-30 00:00:00,106035911.0
2016-07-31 00:00:00,106104095.0
2016-08-01 00:00:00,106220909.0
2016-08-02 00:00:00,106238346.0
2016-08-03 00:00:00,106364266.0
2016-08-04 00:00:00,106466787.0
2016-08-05 00:00:00,106630631.0
2016-08-06 00:00:00,106711303.0
2016-08-07 00:00:00,106761397.0
2016-08-08 00:00:00,106840024.0
2016-08-09 00:00:00,106863773.0
2016-08-10 00:00:00,106996881.0
2016-08-11 00:00:00,107067724.0
2016-08-12 00:00:00,107133782.0
2016-08-13 00:00:00,107215817.0
2016-08-14 00:00:00,107298475.0
2016-08-15 00:00:00,107373486.0
2016-08-16 00:00:00,107497751.0
2016-08-17 00:00:00,107709615.0
2016-08-18 00:00:00,107908244.0
2016-08-19 00:00:00,108157374.0
2016-08-20 00:00:00,108362799.0
2016-08-21 00:00:00,108618985.0
2016-08-22 00:00:00,109018843.0
2016-08-23 00:00:00,109426391.0
2016-08-24 00:00:00,110047634.0
2016-08-25 00:00:00,110105117.0
2016-08-26 00:00:00,110184023.0
2016-08-27 00:00:00,110338485.0
2016-08-28 00:00:00,110381222.0
2016-08-29 00:00:00,110499907.0
2016-08-30 00:00:00,110567721.0
2016-08-31 00:00:00,110675717.0
2016-09-01 00:00:00,110763986.0
2016-09-02 00:00:00,110924540.0
2016-09-03 00:00:00,111040310.0
2016-09-04 00:00:00,111294027.0
2016-09-05 00:00:00,111586105.0
2016-09-06 00:00:00,111633259.0
2016-09-07 00:00:00,111723043.0
2016-09-08 00:00:00,111880892.0
2016-09-09 00:00:00,111939527.0
2016-09-10 00:00:00,112050936.0
2016-09-11 00:00:00,112201346.0
2016-09-12 00:00:00,112397894.0
2016-09-13 00:00:00,112542080.0
2016-09-14 00:00:00,112629314.0
2016-09-15 00:00:00,112703957.0
2016-09-16 00:00:00,112767928.0
2016-09-17 00:00:00,112816722.0
2016-09-18 00:00:00,112853715.0
2016-09-19 00:00:00,112917040.0
2016-09-20 00:00:00,112976838.0
2016-09-21 00:00:00,113066302.0
2016-09-22 00:00:00,113157060.0
2016-09-23 00:00:00,113268020.0
2016-09-24 00:00:00,113378087.0
2016-09-25 00:00:00,113610564.0
2016-09-26 00:00:00,113950497.0
2016-09-27 00:00:00,114084602.0
2016-09-28 00:00:00,114269189.0
2016-09-29 00:00:00,114372896.0
2016-09-30 00:00:00,114434300.0
2016-10-01 00:00:00,114510223.0
2016-10-02 00:00:00,114564807.0
2016-10-03 00:00:00,114697462.0
2016-10-04 00:00:00,114776745.0
2016-10-05 00:00:00,114873471.0
2016-10-06 00:00:00,115023465.0
2016-10-07 00:00:00,115226915.0
2016-10-08 00:00:00,115372172.0
2016-10-09 00:00:00,115482059.0
2016-10-10 00:00:00,115775676.0
2016-10-11 00:00:00,115891819.0
2016-10-12 00:00:00,116235737.0
2016-10-13 00:00:00,116458401.0
2016-10-14 00:00:00,116641402.0
2016-10-15 00:00:00,117269893.0
2016-10-16 00:00:00,117613259.0
2016-10-17 00:00:00,118024354.0
2016-10-18 00:00:00,118082852.0
2016-10-19 00:00:00,118205533.0
2016-10-20 00:00:00,118551433.0
2016-10-21 00:00:00,118710252.0
2016-10-22 00:00:00,118845060.0
2016-10-23 00:00:00,118991044.0
2016-10-24 00:00:00,119203931.0
2016-10-25 00:00:00,119332449.0
2016-10-26 00:00:00,119586902.0
2016-10-27 00:00:00,119798376.0
2016-10-28 00:00:00,119954132.0
2016-10-29 00:00:00,120127523.0
2016-10-30 00:00:00,120331555.0
2016-10-31 00:00:00,120600907.0
2016-11-01 00:00:00,120693442.0
2016-11-02 00:00:00,121187223.0
2016-11-03 00:00:00,121308657.0
2016-11-04 00:00:00,121512038.0
2016-11-05 00:00:00,121708484.0
2016-11-06 00:00:00,121925579.0
2016-11-07 00:00:00,122350152.0
2016-11-08 00:00:00,122457967.0
2016-11-09 00:00:00,122658848.0
2016-11-10 00:00:00,122754428.0
2016-11-11 00:00:00,122972490.0
2016-11-12 00:00:00,123081052.0
2016-11-13 00:00:00,123203878.0
2016-11-14 00:00:00,123433763.0
2016-11-15 00:00:00,123568107.0
2016-11-16 00:00:00,123656148.0
2016-11-17 00:00:00,123802139.0
2016-11-18 00:00:00,123978988.0
2016-11-19 00:00:00,124053331.0
2016-11-20 00:00:00,124106561.0
2016-11-21 00:00:00,124183466.0
2016-11-22 00:00:00,124269915.0
2016-11-23 00:00:00,124347220.0
2016-11-24 00:00:00,124426313.0
2016-11-25 00:00:00,124528620.0
2016-11-26 00:00:00,124751378.0
2016-11-27 00:00:00,124868274.0
2016-11-28 00:00:00,125032815.0
2016-11-29 00:00:00,124989362.0
2016-11-30 00:00:00,125034556.0
2016-12-01 00:00:00,125129903.0
2016-12-02 00:00:00,125171028.0
2016-12-03 00:00:00,125242104.0
2016-12-04 00:00:00,125339772.0
2016-12-05 00:00:00,125430514.0
2016-12-06 00:00:00,125495137.0
2016-12-07 00:00:00,125566278.0
2016-12-08 00:00:00,125621273.0
2016-12-09 00:00:00,125650708.0
2016-12-10 00:00:00,125672946.0
2016-12-11 00:00:00,125750592.0
2016-12-12 00:00:00,125838964.0
2016-12-13 00:00:00,125881179.0
2016-12-14 00:00:00,125939038.0
2016-12-15 00:00:00,126002747.0
2016-12-16 00:00:00,126122467.0
2016-12-17 00:00:00,126208182.0
2016-12-18 00:00:00,126315119.0
2016-12-19 00:00:00,126439326.0
2016-12-20 00:00:00,126480776.0
2016-12-21 00:00:00,126554304.0
2016-12-22 00:00:00,126636967.0
2016-12-23 00:00:00,126718377.0
2016-12-24 00:00:00,126805270.0
2016-12-25 00:00:00,126916662.0
2016-12-26 00:00:00,126985790.0
2016-12-27 00:00:00,127084772.0
2016-12-28 00:00:00,127155140.0
2016-12-29 00:00:00,127191697.0
2016-12-30 00:00:00,127349753.0
2016-12-31 00:00:00,127527887.0
2017-01-01 00:00:00,127588526.0
2017-01-02 00:00:00,127677033.0
2017-01-03 00:00:00,127702362.0
2017-01-04 00:00:00,127991503.0
2017-01-05 00:00:00,128063992.0
2017-01-06 00:00:00,128197385.0
2017-01-07 00:00:00,128304691.0
2017-01-08 00:00:00,128445466.0
2017-01-09 00:00:00,128552854.0
2017-01-10 00:00:00,128646666.0
2017-01-11 00:00:00,129017612.0
2017-01-12 00:00:00,129442467.0
2017-01-13 00:00:00,129470364.0
2017-01-14 00:00:00,129774241.0
2017-01-15 00:00:00,130181516.0
2017-01-16 00:00:00,130882986.0
2017-01-17 00:00:00,131114648.0
2017-01-18 00:00:00,131562506.0
2017-01-19 00:00:00,131757013.0
2017-01-20 00:00:00,131880868.0
2017-01-21 00:00:00,132077180.0
2017-01-22 00:00:00,132159110.0
2017-01-23 00:00:00,132482339.0
2017-01-24 00:00:00,133374466.0
2017-01-25 00:00:00,133289046.0
2017-01-26 00:00:00,133393493.0
2017-01-27 00:00:00,133485461.0
2017-01-28 00:00:00,133765063.0
2017-01-29 00:00:00,133979514.0
2017-01-30 00:00:00,134350452.0
2017-01-31 00:00:00,134481470.0
2017-02-01 00:00:00,135177215.0
2017-02-02 00:00:00,135331493.0
2017-02-03 00:00:00,135532179.0
2017-02-04 00:00:00,135716430.0
2017-02-05 00:00:00,135872615.0
2017-02-06 00:00:00,136080821.0
2017-02-07 00:00:00,136128507.0
2017-02-08 00:00:00,136294736.0
2017-02-09 00:00:00,136489372.0
2017-02-10 00:00:00,136640124.0
2017-02-11 00:00:00,136802398.0
2017-02-12 00:00:00,136957915.0
2017-02-13 00:00:00,137272384.0
2017-02-14 00:00:00,137380645.0
2017-02-15 00:00:00,137515467.0
2017-02-16 00:00:00,137701716.0
2017-02-17 00:00:00,137882863.0
2017-02-18 00:00:00,138133403.0
2017-02-19 00:00:00,138305126.0
2017-02-20 00:00:00,138641269.0
2017-02-21 00:00:00,138721455.0
2017-02-22 00:00:00,138734598.0
2017-02-23 00:00:00,138890228.0
2017-02-24 00:00:00,138991472.0
2017-02-25 00:00:00,139109658.0
2017-02-26 00:00:00,139186313.0
2017-02-27 00:00:00,139337476.0
2017-02-28 00:00:00,139395204.0
2017-03-01 00:00:00,139537233.0
2017-03-02 00:00:00,139627878.0
2017-03-03 00:00:00,139727352.0
2017-03-04 00:00:00,139803783.0
2017-03-05 00:00:00,139856020.0
2017-03-06 00:00:00,139974832.0
2017-03-07 00:00:00,140021947.0
2017-03-08 00:00:00,140146542.0
2017-03-09 00:00:00,140291478.0
2017-03-10 00:00:00,140454488.0
2017-03-11 00:00:00,140566998.0
2017-03-12 00:00:00,140628315.0
2017-03-13 00:00:00,140740959.0
2017-03-14 00:00:00,140832459.0
2017-03-15 00:00:00,140921421.0
2017-03-16 00:00:00,140968574.0
2017-03-17 00:00:00,141043459.0
2017-03-18 00:00:00,141199058.0
2017-03-19 00:00:00,141277926.0
2017-03-20 00:00:00,141362392.0
2017-03-21 00:00:00,141404263.0
2017-03-22 00:00:00,141600814.0
2017-03-23 00:00:00,141675429.0
2017-03-24 00:00:00,141782264.0
2017-03-25 00:00:00,141856838.0
2017-03-26 00:00:00,141941731.0
2017-03-27 00:00:00,141993861.0
2017-03-28 00:00:00,142104601.0
2017-03-29 00:00:00,142222548.0
2017-03-30 00:00:00,142266660.0
2017-03-31 00:00:00,142318719.0
2017-04-01 00:00:00,142369422.0
2017-04-02 00:00:00,142436465.0
2017-04-03 00:00:00,142562783.0
2017-04-04 00:00:00,142648939.0
2017-04-05 00:00:00,142800794.0
2017-04-06 00:00:00,142829011.0
2017-04-07 00:00:00,142990679.0
2017-04-08 00:00:00,143211608.0
2017-04-09 00:00:00,143439694.0
2017-04-10 00:00:00,143805383.0
2017-04-11 00:00:00,143825221.0
2017-04-12 00:00:00,143888079.0
2017-04-13 00:00:00,143986841.0
2017-04-14 00:00:00,144103433.0
2017-04-15 00:00:00,144301011.0
2017-04-16 00:00:00,144423868.0
2017-04-17 00:00:00,144614007.0
2017-04-18 00:00:00,144689680.0
2017-04-19 00:00:00,144811436.0
2017-04-20 00:00:00,145015945.0
2017-04-21 00:00:00,145132301.0
2017-04-22 00:00:00,145399891.0
2017-04-23 00:00:00,145543495.0
2017-04-24 00:00:00,145833562.0
2017-04-25 00:00:00,145901909.0
2017-04-26 00:00:00,146098001.0
2017-04-27 00:00:00,146168753.0
2017-04-28 00:00:00,146258060.0
2017-04-29 00:00:00,146315822.0
2017-04-30 00:00:00,146387189.0
2017-05-01 00:00:00,146930219.0
2017-05-02 00:00:00,146975990.0
2017-05-03 00:00:00,147052028.0
2017-05-04 00:00:00,147145829.0
2017-05-05 00:00:00,148253262.0
2017-05-06 00:00:00,148502596.0
2017-05-07 00:00:00,148877356.0
2017-05-08 00:00:00,149145115.0
2017-05-09 00:00:00,149301853.0
2017-05-10 00:00:00,149460814.0
2017-05-11 00:00:00,149566795.0
2017-05-12 00:00:00,149677439.0
2017-05-13 00:00:00,149793473.0
2017-05-14 00:00:00,149865992.0
2017-05-15 00:00:00,150102928.0
2017-05-16 00:00:00,150165998.0
2017-05-17 00:00:00,150268348.0
2017-05-18 00:00:00,150345043.0
2017-05-19 00:00:00,150402258.0
2017-05-20 00:00:00,150449163.0
2017-05-21 00:00:00,150524397.0
2017-05-22 00:00:00,150577009.0
2017-05-23 00:00:00,150597475.0
2017-05-24 00:00:00,150717137.0
2017-05-25 00:00:00,150998723.0
2017-05-26 00:00:00,151188422.0
2017-05-27 00:00:00,151320209.0
2017-05-28 00:00:00,151448081.0
2017-05-29 00:00:00,151714968.0
2017-05-30 00:00:00,151862520.0
2017-05-31 00:00:00,151936141.0
2017-06-01 00:00:00,151992067.0
2017-06-02 00:00:00,152115387.0
2017-06-03 00:00:00,152685120.0
2017-06-04 00:00:00,153320792.0
2017-06-05 00:00:00,153632097.0
2017-06-06 00:00:00,153727576.0
2017-06-07 00:00:00,153911645.0
2017-06-08 00:00:00,154074079.0
2017-06-09 00:00:00,154204603.0
2017-06-10 00:00:00,154257007.0
2017-06-11 00:00:00,154052017.0
2017-06-12 00:00:00,154230528.0
2017-06-13 00:00:00,154273844.0
2017-06-14 00:00:00,154501103.0
2017-06-15 00:00:00,154538225.0
2017-06-16 00:00:00,154213015.0
2017-06-17 00:00:00,154318169.0
2017-06-18 00:00:00,154574783.0
2017-06-19 00:00:00,154730408.0
2017-06-20 00:00:00,154783123.0
2017-06-21 00:00:00,155243309.0
2017-06-22 00:00:00,156582251.0
2017-06-23 00:00:00,156979735.0
2017-06-24 00:00:00,157198883.0
2017-06-25 00:00:00,157568204.0
2017-06-26 00:00:00,158564999.0
2017-06-27 00:00:00,159027634.0
2017-06-28 00:00:00,159922869.0
2017-06-29 00:00:00,160843926.0
2017-06-30 00:00:00,161312634.0
2017-07-01 00:00:00,161486210.0
2017-07-02 00:00:00,161812554.0
2017-07-03 00:00:00,162805370.0
2017-07-04 00:00:00,162863378.0
2017-07-05 00:00:00,163315161.0
2017-07-06 00:00:00,163948096.0
2017-07-07 00:00:00,164652069.0
2017-07-08 00:00:00,165345453.0
2017-07-09 00:00:00,165992041.0
2017-07-10 00:00:00,166327874.0
2017-07-11 00:00:00,
2017-07-12 00:00:00,166572135.0
2017-07-13 00:00:00,
2017-07-14 00:00:00,
2017-07-15 00:00:00,166956152.0
2017-07-16 00:00:00,167024073.0
2017-07-17 00:00:00,167122083.0
2017-07-18 00:00:00,167157500.0
2017-07-19 00:00:00,167563717.0
2017-07-20 00:00:00,167658452.0
2017-07-21 00:00:00,167682634.0
2017-07-22 00:00:00,167721957.0
2017-07-23 00:00:00,167971079.0
2017-07-24 00:00:00,168816639.0
2017-07-25 00:00:00,169240295.0
2017-07-26 00:00:00,170168975.0
2017-07-27 00:00:00,171794377.0
2017-07-28 00:00:00,173009967.0
2017-07-29 00:00:00,175450723.0
2017-07-30 00:00:00,177966259.0
2017-07-31 00:00:00,182024908.0
2017-08-01 00:00:00,182504809.0
2017-08-02 00:00:00,184412182.0
2017-08-03 00:00:00,186303906.0
2017-08-04 00:00:00,188028629.0
2017-08-05 00:00:00,189639358.0
2017-08-06 00:00:00,191395253.0
2017-08-07 00:00:00,195110365.0
2017-08-08 00:00:00,195031862.0
2017-08-09 00:00:00,196690197.0
2017-08-10 00:00:00,198530194.0
2017-08-11 00:00:00,200690411.0
2017-08-12 00:00:00,202883199.0
2017-08-13 00:00:00,205199275.0
2017-08-14 00:00:00,209234372.0
2017-08-15 00:00:00,209639579.0
2017-08-16 00:00:00,211874800.0
2017-08-17 00:00:00,214172320.0
2017-08-18 00:00:00,216178772.0
2017-08-19 00:00:00,218234417.0
2017-08-20 00:00:00,220330710.0
2017-08-21 00:00:00,224277582.0
2017-08-22 00:00:00,224326239.0
2017-08-23 00:00:00,225666095.0
2017-08-24 00:00:00,228654861.0
2017-08-25 00:00:00,229494096.0
2017-08-26 00:00:00,230136462.0
2017-08-27 00:00:00,230735480.0
2017-08-28 00:00:00,231891120.0
2017-08-29 00:00:00,232049883.0
2017-08-30 00:00:00,232722883.0
2017-08-31 00:00:00,233281711.0
2017-09-01 00:00:00,233824639.0
2017-09-02 00:00:00,234666532.0
2017-09-03 00:00:00,236157714.0
2017-09-04 00:00:00,239285836.0
2017-09-05 00:00:00,238719539.0
2017-09-06 00:00:00,240199269.0
2017-09-07 00:00:00,242196978.0
2017-09-08 00:00:00,243748523.0
2017-09-09 00:00:00,245447539.0
2017-09-10 00:00:00,247677648.0
2017-09-11 00:00:00,253423073.0
2017-09-12 00:00:00,252877585.0
2017-09-13 00:00:00,255678239.0
2017-09-14 00:00:00,259787255.0
2017-09-15 00:00:00,262136600.0
2017-09-16 00:00:00,264396129.0
2017-09-17 00:00:00,265590292.0
2017-09-18 00:00:00,268772890.0
2017-09-19 00:00:00,268569923.0
2017-09-20 00:00:00,270105069.0
2017-09-21 00:00:00,271515443.0
2017-09-22 00:00:00,272972452.0
2017-09-23 00:00:00,274849702.0
2017-09-24 00:00:00,277522981.0
2017-09-25 00:00:00,281384986.0
2017-09-26 00:00:00,281184725.0
2017-09-27 00:00:00,282326511.0
2017-09-28 00:00:00,284380213.0
2017-09-29 00:00:00,288065805.0
2017-09-30 00:00:00,295446663.0
2017-10-01 00:00:00,300696378.0
2017-10-02 00:00:00,305664652.0
2017-10-03 00:00:00,305544115.0
2017-10-04 00:00:00,305968059.0
2017-10-05 00:00:00,306049734.0
2017-10-06 00:00:00,306690105.0
2017-10-07 00:00:00,307488321.0
2017-10-08 00:00:00,308002858.0
2017-10-09 00:00:00,308822847.0
2017-10-10 00:00:00,308797639.0
2017-10-11 00:00:00,308887288.0
2017-10-12 00:00:00,308965053.0
2017-10-13 00:00:00,309533315.0
2017-10-14 00:00:00,310523391.0
2017-10-15 00:00:00,311590976.0
2017-10-16 00:00:00,313333350.0
2017-10-17 00:00:00,313320642.0
2017-10-18 00:00:00,313872348.0
2017-10-19 00:00:00,314615937.0
2017-10-20 00:00:00,315414097.0
2017-10-21 00:00:00,315519198.0
2017-10-22 00:00:00,315586442.0
2017-10-23 00:00:00,315667680.0
2017-10-24 00:00:00,315683199.0
2017-10-25 00:00:00,315736462.0
2017-10-26 00:00:00,315926452.0
2017-10-27 00:00:00,316579971.0
2017-10-28 00:00:00,316857869.0
2017-10-29 00:00:00,317232002.0
2017-10-30 00:00:00,317642364.0
2017-10-31 00:00:00,317607681.0
2017-11-01 00:00:00,318225262.0
2017-11-02 00:00:00,319128932.0
2017-11-03 00:00:00,319511796.0
2017-11-04 00:00:00,320209498.0
2017-11-05 00:00:00,321053704.0
2017-11-06 00:00:00,322106910.0
2017-11-07 00:00:00,321952764.0
2017-11-08 00:00:00,322625535.0
2017-11-09 00:00:00,323196004.0
2017-11-10 00:00:00,323440872.0
2017-11-11 00:00:00,323688757.0
2017-11-12 00:00:00,324339994.0
2017-11-13 00:00:00,326230959.0
2017-11-14 00:00:00,325946586.0
2017-11-15 00:00:00,326572533.0
2017-11-16 00:00:00,327097432.0
2017-11-17 00:00:00,327405191.0
2017-11-18 00:00:00,327957243.0
2017-11-19 00:00:00,328300722.0
2017-11-20 00:00:00,329383238.0
2017-11-21 00:00:00,329358964.0
2017-11-22 00:00:00,329477087.0
2017-11-23 00:00:00,329609122.0
2017-11-24 00:00:00,330658256.0
2017-11-25 00:00:00,331902022.0
2017-11-26 00:00:00,333230647.0
2017-11-27 00:00:00,334568095.0
2017-11-28 00:00:00,335929915.0
2017-11-29 00:00:00,337259463.0
2017-11-30 00:00:00,338625879.0
2017-12-01 00:00:00,339918108.0
2017-12-02 00:00:00,341221745.0
2017-12-03 00:00:00,342594155.0
2017-12-04 00:00:00,346887639.0
2017-12-05 00:00:00,345191879.0
2017-12-06 00:00:00,346555165.0
2017-12-07 00:00:00,348026392.0
2017-12-08 00:00:00,349478662.0
2017-12-09 00:00:00,350325521.0
2017-12-10 00:00:00,351332642.0
2017-12-11 00:00:00,353335210.0
2017-12-12 00:00:00,352587081.0
2017-12-13 00:00:00,353480138.0
2017-12-14 00:00:00,354141743.0
2017-12-15 00:00:00,355269576.0
2017-12-16 00:00:00,356111124.0
2017-12-17 00:00:00,357084417.0
2017-12-18 00:00:00,359672955.0
2017-12-19 00:00:00,359410247.0
2017-12-20 00:00:00,360729447.0
2017-12-21 00:00:00,362240497.0
2017-12-22 00:00:00,364012334.0
2017-12-23 00:00:00,365654317.0
2017-12-24 00:00:00,366975708.0
2017-12-25 00:00:00,369959432.0
2017-12-26 00:00:00,369651744.0
2017-12-27 00:00:00,370960230.0
2017-12-28 00:00:00,371138395.0
2017-12-29 00:00:00,371165864.0
2017-12-30 00:00:00,371215951.0
2017-12-31 00:00:00,371279427.0
2018-01-01 00:00:00,371367977.0
2018-01-02 00:00:00,371379309.0
2018-01-03 00:00:00,371419208.0
2018-01-04 00:00:00,371492604.0
2018-01-05 00:00:00,371778364.0
2018-01-06 00:00:00,371911060.0
2018-01-07 00:00:00,371960885.0
2018-01-08 00:00:00,372570162.0
2018-01-09 00:00:00,372549226.0
2018-01-10 00:00:00,372892021.0
2018-01-11 00:00:00,373081448.0
2018-01-12 00:00:00,373724270.0
2018-01-13 00:00:00,374400917.0
2018-01-14 00:00:00,375161122.0
2018-01-15 00:00:00,376948473.0
2018-01-16 00:00:00,376510833.0
2018-01-17 00:00:00,376888262.0
2018-01-18 00:00:00,376941033.0
2018-01-19 00:00:00,377006250.0
2018-01-20 00:00:00,377081664.0
2018-01-21 00:00:00,377190904.0
2018-01-22 00:00:00,377391732.0
2018-01-23 00:00:00,377414514.0
2018-01-24 00:00:00,377504679.0
2018-01-25 00:00:00,377555019.0
2018-01-26 00:00:00,377692683.0
2018-01-27 00:00:00,377813166.0
2018-01-28 00:00:00,377935571.0
2018-01-29 00:00:00,378071015.0
2018-01-30 00:00:00,378072059.0
2018-01-31 00:00:00,378153068.0
2018-02-01 00:00:00,378191290.0
2018-02-02 00:00:00,378277148.0
2018-02-03 00:00:00,378354668.0
2018-02-04 00:00:00,378780348.0
2018-02-05 00:00:00,383562731.0
2018-02-06 00:00:00,382187985.0
2018-02-07 00:00:00,383641350.0
2018-02-08 00:00:00,384953599.0
2018-02-09 00:00:00,386123398.0
2018-02-10 00:00:00,387643455.0
2018-02-11 00:00:00,389061903.0
2018-02-12 00:00:00,393174266.0
2018-02-13 00:00:00,391670916.0
2018-02-14 00:00:00,392656171.0
2018-02-15 00:00:00,393409892.0
2018-02-16 00:00:00,394242852.0
2018-02-17 00:00:00,395070335.0
2018-02-18 00:00:00,395746092.0
2018-02-19 00:00:00,397544388.0
2018-02-20 00:00:00,397268252.0
2018-02-21 00:00:00,398222339.0
2018-02-22 00:00:00,399023768.0
2018-02-23 00:00:00,399585637.0
2018-02-24 00:00:00,400323594.0
2018-02-25 00:00:00,401095681.0
2018-02-26 00:00:00,402264670.0
2018-02-27 00:00:00,402278951.0
2018-02-28 00:00:00,402770231.0
2018-03-01 00:00:00,403273019.0
2018-03-02 00:00:00,403520363.0
2018-03-03 00:00:00,403756701.0
2018-03-04 00:00:00,403859859.0
2018-03-05 00:00:00,404161812.0
2018-03-06 00:00:00,404102018.0
2018-03-07 00:00:00,404206964.0
2018-03-08 00:00:00,404289707.0
2018-03-09 00:00:00,404360443.0
2018-03-10 00:00:00,404431559.0
2018-03-11 00:00:00,404512184.0
2018-03-12 00:00:00,404794792.0
2018-03-13 00:00:00,404733322.0
2018-03-14 00:00:00,405042610.0
2018-03-15 00:00:00,406102120.0
2018-03-16 00:00:00,406646879.0
2018-03-17 00:00:00,407294799.0
2018-03-18 00:00:00,408100603.0
2018-03-19 00:00:00,409120133.0
2018-03-20 00:00:00,409128517.0
2018-03-21 00:00:00,409209384.0
2018-03-22 00:00:00,409249861.0
2018-03-23 00:00:00,409310633.0
2018-03-24 00:00:00,409486007.0
2018-03-25 00:00:00,410089351.0
2018-03-26 00:00:00,411811919.0
2018-03-27 00:00:00,411557279.0
2018-03-28 00:00:00,412233636.0
2018-03-29 00:00:00,412465841.0
2018-03-30 00:00:00,412850595.0
2018-03-31 00:00:00,413312882.0
2018-04-01 00:00:00,413834799.0
2018-04-02 00:00:00,415398339.0
2018-04-03 00:00:00,415048386.0
2018-04-04 00:00:00,415668455.0
2018-04-05 00:00:00,416425711.0
2018-04-06 00:00:00,417268300.0
2018-04-07 00:00:00,417894679.0
2018-04-08 00:00:00,418558439.0
2018-04-09 00:00:00,420101185.0
2018-04-10 00:00:00,419775923.0
2018-04-11 00:00:00,420246403.0
2018-04-12 00:00:00,420731786.0
2018-04-13 00:00:00,420916084.0
2018-04-14 00:00:00,420916084.0
2018-04-15 00:00:00,420916084.0
2018-04-16 00:00:00,422579294.0
2018-04-17 00:00:00,422220779.0
2018-04-18 00:00:00,423033720.0
2018-04-19 00:00:00,423363013.0
2018-04-20 00:00:00,424027370.0
2018-04-21 00:00:00,424427463.0
2018-04-22 00:00:00,424722056.0
2018-04-23 00:00:00,425715545.0
2018-04-24 00:00:00,425464224.0
2018-04-25 00:00:00,425617443.0
2018-04-26 00:00:00,425802522.0
2018-04-27 00:00:00,426235839.0
2018-04-28 00:00:00,426803147.0
2018-04-29 00:00:00,427487288.0
2018-04-30 00:00:00,428842469.0
2018-05-01 00:00:00,428603195.0
2018-05-02 00:00:00,429220113.0
2018-05-03 00:00:00,429942018.0
2018-05-04 00:00:00,430442601.0
2018-05-05 00:00:00,430989939.0
2018-05-06 00:00:00,431643406.0
2018-05-07 00:00:00,433440883.0
2018-05-08 00:00:00,432682512.0
2018-05-09 00:00:00,433227016.0
2018-05-10 00:00:00,434163779.0
2018-05-11 00:00:00,434801296.0
2018-05-12 00:00:00,435732867.0
2018-05-13 00:00:00,436619142.0
2018-05-14 00:00:00,439386167.0
2018-05-15 00:00:00,438416384.0
2018-05-16 00:00:00,439293209.0
2018-05-17 00:00:00,440050210.0
2018-05-18 00:00:00,440355645.0
2018-05-19 00:00:00,440832374.0
2018-05-20 00:00:00,441473711.0
2018-05-21 00:00:00,442790477.0
2018-05-22 00:00:00,442326339.0
2018-05-23 00:00:00,444851591.0
2018-05-24 00:00:00,446331038.0
2018-05-25 00:00:00,447090064.0
2018-05-26 00:00:00,447853981.0
2018-05-27 00:00:00,449298931.0
2018-05-28 00:00:00,451753022.0
2018-05-29 00:00:00,452145654.0
2018-05-30 00:00:00,453643161.0
2018-05-31 00:00:00,454747792.0
2018-06-01 00:00:00,455319321.0
2018-06-02 00:00:00,456038455.0
2018-06-03 00:00:00,456924088.0
2018-06-04 00:00:00,459087475.0
2018-06-05 00:00:00,459218747.0
2018-06-06 00:00:00,460626987.0
2018-06-07 00:00:00,461896723.0
2018-06-08 00:00:00,462133109.0
2018-06-09 00:00:00,462386907.0
2018-06-10 00:00:00,462611743.0
2018-06-11 00:00:00,463470075.0
2018-06-12 00:00:00,463541504.0
2018-06-13 00:00:00,463771041.0
2018-06-14 00:00:00,464159327.0
2018-06-15 00:00:00,464931550.0
2018-06-16 00:00:00,465850460.0
2018-06-17 00:00:00,466623384.0
2018-06-18 00:00:00,467747385.0
2018-06-19 00:00:00,467824523.0
2018-06-20 00:00:00,468249518.0
2018-06-21 00:00:00,470272183.0
2018-06-22 00:00:00,472735802.0
2018-06-23 00:00:00,473815154.0
2018-06-24 00:00:00,474522716.0
2018-06-25 00:00:00,475485919.0
2018-06-26 00:00:00,475825799.0
2018-06-27 00:00:00,476424077.0
2018-06-28 00:00:00,477016474.0
2018-06-29 00:00:00,477620127.0
2018-06-30 00:00:00,478186648.0
2018-07-01 00:00:00,478979594.0
2018-07-02 00:00:00,479940367.0
2018-07-03 00:00:00,480065818.0
2018-07-04 00:00:00,480781459.0
2018-07-05 00:00:00,483671056.0
2018-07-06 00:00:00,486494575.0
2018-07-07 00:00:00,489126337.0
2018-07-08 00:00:00,491760331.0
2018-07-09 00:00:00,494452121.0
2018-07-10 00:00:00,494785402.0
2018-07-11 00:00:00,495226423.0
2018-07-12 00:00:00,496875087.0
2018-07-13 00:00:00,499568039.0
2018-07-14 00:00:00,502070782.0
2018-07-15 00:00:00,503267035.0
2018-07-16 00:00:00,503890696.0
2018-07-17 00:00:00,503980024.0
2018-07-18 00:00:00,504129702.0
2018-07-19 00:00:00,504344123.0
2018-07-20 00:00:00,504637388.0
2018-07-21 00:00:00,505034153.0
2018-07-22 00:00:00,505234431.0
2018-07-23 00:00:00,505568939.0
2018-07-24 00:00:00,505667150.0
2018-07-25 00:00:00,505865686.0
2018-07-26 00:00:00,506030647.0
2018-07-27 00:00:00,506295228.0
2018-07-28 00:00:00,507906652.0
2018-07-29 00:00:00,508975479.0
2018-07-30 00:00:00,510043155.0
2018-07-31 00:00:00,510167542.0
2018-08-01 00:00:00,510747434.0
2018-08-02 00:00:00,511024807.0
2018-08-03 00:00:00,511392570.0
2018-08-04 00:00:00,511762818.0
2018-08-05 00:00:00,511990389.0
2018-08-06 00:00:00,512353335.0
2018-08-07 00:00:00,512456835.0
2018-08-08 00:00:00,512746920.0
2018-08-09 00:00:00,512997843.0
2018-08-10 00:00:00,513251824.0
2018-08-11 00:00:00,513527896.0
2018-08-12 00:00:00,513769409.0
2018-08-13 00:00:00,515028166.0
2018-08-14 00:00:00,515421039.0
2018-08-15 00:00:00,516378267.0
2018-08-16 00:00:00,517312473.0
2018-08-17 00:00:00,518163461.0
2018-08-18 00:00:00,519182304.0
2018-08-19 00:00:00,520344880.0
2018-08-20 00:00:00,523012444.0
2018-08-21 00:00:00,524022061.0
2018-08-22 00:00:00,524751546.0
2018-08-23 00:00:00,524990556.0
2018-08-24 00:00:00,525921763.0
2018-08-25 00:00:00,526581315.0
2018-08-26 00:00:00,527383374.0
2018-08-27 00:00:00,529593655.0
2018-08-28 00:00:00,529637960.0
2018-08-29 00:00:00,529875963.0
2018-08-30 00:00:00,530176993.0
2018-08-31 00:00:00,531364662.0
2018-09-01 00:00:00,532718170.0
2018-09-02 00:00:00,533834495.0
2018-09-03 00:00:00,536019153.0
2018-09-04 00:00:00,536480162.0
2018-09-05 00:00:00,537578932.0
2018-09-06 00:00:00,538254718.0
2018-09-07 00:00:00,539310202.0
2018-09-08 00:00:00,540155019.0
2018-09-09 00:00:00,541700437.0
2018-09-10 00:00:00,543698350.0
2018-09-11 00:00:00,543697998.0
2018-09-12 00:00:00,544013886.0
2018-09-13 00:00:00,544270698.0
2018-09-14 00:00:00,544428441.0
2018-09-15 00:00:00,544787368.0
2018-09-16 00:00:00,546642755.0
2018-09-17 00:00:00,549528572.0
2018-09-18 00:00:00,550400608.0
2018-09-19 00:00:00,552254146.0
2018-09-20 00:00:00,553788817.0
2018-09-21 00:00:00,554407893.0
2018-09-22 00:00:00,555156142.0
2018-09-23 00:00:00,555952330.0
2018-09-24 00:00:00,557634068.0
2018-09-25 00:00:00,557782984.0
2018-09-26 00:00:00,559345435.0
2018-09-27 00:00:00,560320816.0
2018-09-28 00:00:00,560916638.0
2018-09-29 00:00:00,561395849.0
2018-09-30 00:00:00,562312005.0
2018-10-01 00:00:00,564535931.0
2018-10-02 00:00:00,564729172.0
2018-10-03 00:00:00,564900961.0
2018-10-04 00:00:00,565042120.0
2018-10-05 00:00:00,565316313.0
2018-10-06 00:00:00,565662761.0
2018-10-07 00:00:00,569629662.0
2018-10-08 00:00:00,573728329.0
2018-10-09 00:00:00,575009756.0
2018-10-10 00:00:00,578197486.0
2018-10-11 00:00:00,580645912.0
2018-10-12 00:00:00,583027842.0
2018-10-13 00:00:00,585186330.0
2018-10-14 00:00:00,587639341.0
2018-10-15 00:00:00,592017777.0
2018-10-16 00:00:00,592576646.0
2018-10-17 00:00:00,594958546.0
2018-10-18 00:00:00,597213347.0
2018-10-19 00:00:00,599961377.0
2018-10-20 00:00:00,602785691.0
2018-10-21 00:00:00,605516278.0
2018-10-22 00:00:00,610265096.0
2018-10-23 00:00:00,610812294.0
2018-10-24 00:00:00,613602453.0
2018-10-25 00:00:00,616574487.0
2018-10-26 00:00:00,619320266.0
2018-10-27 00:00:00,620763015.0
2018-10-28 00:00:00,622293647.0
2018-10-29 00:00:00,625149406.0
2018-10-30 00:00:00,625583888.0
2018-10-31 00:00:00,626881348.0
2018-11-01 00:00:00,627840049.0
2018-11-02 00:00:00,628996727.0
2018-11-03 00:00:00,630846661.0
2018-11-04 00:00:00,631724343.0
2018-11-05 00:00:00,633136542.0
2018-11-06 00:00:00,
2018-11-07 00:00:00,633676851.0
2018-11-08 00:00:00,634314277.0
2018-11-09 00:00:00,635291378.0
2018-11-10 00:00:00,636166949.0
2018-11-11 00:00:00,636836768.0
2018-11-12 00:00:00,638099572.0
2018-11-13 00:00:00,637768174.0
2018-11-14 00:00:00,639606809.0
2018-11-15 00:00:00,640450987.0
2018-11-16 00:00:00,641960959.0
2018-11-17 00:00:00,642952026.0
2018-11-18 00:00:00,643397885.0
2018-11-19 00:00:00,644592627.0
2018-11-20 00:00:00,644435870.0
2018-11-21 00:00:00,645267103.0
2018-11-22 00:00:00,646603633.0
2018-11-23 00:00:00,647483528.0
2018-11-24 00:00:00,647888958.0
2018-11-25 00:00:00,648191753.0
2018-11-26 00:00:00,649716425.0
2018-11-27 00:00:00,649855585.0
2018-11-28 00:00:00,650764068.0
2018-11-29 00:00:00,651834246.0
2018-11-30 00:00:00,652926103.0
2018-12-01 00:00:00,654820688.0
2018-12-02 00:00:00,655561832.0
2018-12-03 00:00:00,656945486.0
2018-12-04 00:00:00,656856432.0
2018-12-05 00:00:00,657445116.0
2018-12-06 00:00:00,658318140.0
2018-12-07 00:00:00,658675393.0
2018-12-08 00:00:00,659068002.0
2018-12-09 00:00:00,659380688.0
2018-12-10 00:00:00,660076072.0
2018-12-11 00:00:00,660085530.0
2018-12-12 00:00:00,660436105.0
2018-12-13 00:00:00,660670110.0
2018-12-14 00:00:00,660974083.0
2018-12-15 00:00:00,661613350.0
2018-12-16 00:00:00,661881574.0
2018-12-17 00:00:00,662904426.0
2018-12-18 00:00:00,662709254.0
2018-12-19 00:00:00,663330023.0
2018-12-20 00:00:00,663958036.0
2018-12-21 00:00:00,664729220.0
2018-12-22 00:00:00,664990536.0
2018-12-23 00:00:00,665232683.0
2018-12-24 00:00:00,666326333.0
2018-12-25 00:00:00,666280664.0
2018-12-26 00:00:00,666589640.0
2018-12-27 00:00:00,666805015.0
2018-12-28 00:00:00,666981735.0
2018-12-29 00:00:00,667175266.0
2018-12-30 00:00:00,667483092.0
2018-12-31 00:00:00,668495825.0
2019-01-01 00:00:00,668423474.0
2019-01-02 00:00:00,668780399.0
2019-01-03 00:00:00,669052347.0
2019-01-04 00:00:00,669452369.0
2019-01-05 00:00:00,669867871.0
2019-01-06 00:00:00,670153848.0
2019-01-07 00:00:00,670427995.0
2019-01-08 00:00:00,670723196.0
2019-01-09 00:00:00,671052949.0
2019-01-10 00:00:00,671388109.0
2019-01-11 00:00:00,671865676.0
2019-01-12 00:00:00,672239359.0
2019-01-13 00:00:00,672505442.0
2019-01-14 00:00:00,672699562.0
2019-01-15 00:00:00,672882113.0
2019-01-16 00:00:00,673157422.0
2019-01-17 00:00:00,673326915.0
2019-01-18 00:00:00,673641674.0
2019-01-19 00:00:00,673804321.0
2019-01-20 00:00:00,674113147.0
2019-01-21 00:00:00,674531775.0
2019-01-22 00:00:00,674895576.0
2019-01-23 00:00:00,675298805.0
2019-01-24 00:00:00,675599898.0
2019-01-25 00:00:00,675905782.0
2019-01-26 00:00:00,676394534.0
2019-01-27 00:00:00,676595967.0
2019-01-28 00:00:00,676815080.0
2019-01-29 00:00:00,676937506.0
2019-01-30 00:00:00,677070070.0
2019-01-31 00:00:00,677385215.0
2019-02-01 00:00:00,677561860.0
2019-02-02 00:00:00,678018253.0
2019-02-03 00:00:00,678476092.0
2019-02-04 00:00:00,678714932.0
2019-02-05 00:00:00,679158989.0
2019-02-06 00:00:00,679532643.0
2019-02-07 00:00:00,680190082.0
2019-02-08 00:00:00,680799940.0
2019-02-09 00:00:00,681120455.0
2019-02-10 00:00:00,681134412.0
2019-02-11 00:00:00,681417100.0
2019-02-12 00:00:00,681560367.0
2019-02-13 00:00:00,681583117.0
2019-02-14 00:00:00,681595625.0
2019-02-15 00:00:00,681605404.0
2019-02-16 00:00:00,681621944.0
2019-02-17 00:00:00,681791098.0
2019-02-18 00:00:00,681824751.0
2019-02-19 00:00:00,681830709.0
2019-02-20 00:00:00,681847793.0
2019-02-21 00:00:00,681860896.0
2019-02-22 00:00:00,681957981.0
2019-02-23 00:00:00,682225563.0
2019-02-24 00:00:00,682800923.0
2019-02-25 00:00:00,683198732.0
2019-02-26 00:00:00,683368762.0
2019-02-27 00:00:00,683394245.0
2019-02-28 00:00:00,683418660.0
2019-03-01 00:00:00,686088807.0
2019-03-02 00:00:00,686833781.0
2019-03-03 00:00:00,687021885.0
2019-03-04 00:00:00,687239090.0
2019-03-05 00:00:00,687373481.0
2019-03-06 00:00:00,687529901.0
2019-03-07 00:00:00,687689176.0
2019-03-08 00:00:00,687847357.0
2019-03-09 00:00:00,688135185.0
2019-03-10 00:00:00,688366397.0
2019-03-11 00:00:00,688549960.0
2019-03-12 00:00:00,688687668.0
2019-03-13 00:00:00,688915974.0
2019-03-14 00:00:00,689157878.0
2019-03-15 00:00:00,689330927.0
2019-03-16 00:00:00,689538474.0
2019-03-17 00:00:00,689787375.0
2019-03-18 00:00:00,690047827.0
2019-03-19 00:00:00,690266293.0
2019-03-20 00:00:00,690520365.0
2019-03-21 00:00:00,690745895.0
2019-03-22 00:00:00,691148407.0
2019-03-23 00:00:00,692168530.0
2019-03-24 00:00:00,692995761.0
2019-03-25 00:00:00,693224899.0
2019-03-26 00:00:00,694149107.0
2019-03-27 00:00:00,696904685.0
2019-03-28 00:00:00,698401174.0
2019-03-29 00:00:00,698663777.0
2019-03-30 00:00:00,699020011.0
2019-03-31 00:00:00,699430709.0
2019-04-01 00:00:00,699703622.0
2019-04-02 00:00:00,700126466.0
2019-04-03 00:00:00,700522386.0
2019-04-04 00:00:00,700992026.0
2019-04-05 00:00:00,701449940.0
2019-04-06 00:00:00,702466849.0
2019-04-07 00:00:00,703816965.0
2019-04-08 00:00:00,705331090.0
2019-04-09 00:00:00,705903491.0
2019-04-10 00:00:00,706591176.0
2019-04-11 00:00:00,706841637.0
2019-04-12 00:00:00,706980515.0
2019-04-13 00:00:00,707137110.0
2019-04-14 00:00:00,707933008.0
2019-04-15 00:00:00,708616948.0
2019-04-16 00:00:00,709685746.0
2019-04-17 00:00:00,709770967.0
2019-04-18 00:00:00,709922605.0
2019-04-19 00:00:00,710025840.0
2019-04-20 00:00:00,710437859.0
2019-04-21 00:00:00,710830719.0
2019-04-22 00:00:00,710934188.0
2019-04-23 00:00:00,711086821.0
2019-04-24 00:00:00,711298866.0
2019-04-25 00:00:00,711613294.0
2019-04-26 00:00:00,711843104.0
2019-04-27 00:00:00,711981854.0
2019-04-28 00:00:00,712173627.0
2019-04-29 00:00:00,712384098.0
2019-04-30 00:00:00,712574137.0
2019-05-01 00:00:00,712909722.0
2019-05-02 00:00:00,713187496.0
2019-05-03 00:00:00,713279273.0
2019-05-04 00:00:00,713490790.0
2019-05-05 00:00:00,713791657.0
2019-05-06 00:00:00,714198246.0
2019-05-07 00:00:00,714562784.0
2019-05-08 00:00:00,715028273.0
2019-05-09 00:00:00,715330235.0
2019-05-10 00:00:00,715688608.0
2019-05-11 00:00:00,715995605.0
2019-05-12 00:00:00,716343098.0
2019-05-13 00:00:00,716693008.0
2019-05-14 00:00:00,717074172.0
2019-05-15 00:00:00,717536952.0
2019-05-16 00:00:00,717700326.0
2019-05-17 00:00:00,717821737.0
2019-05-18 00:00:00,718231946.0
2019-05-19 00:00:00,718458129.0
2019-05-20 00:00:00,718719844.0
2019-05-21 00:00:00,718893604.0
2019-05-22 00:00:00,719068833.0
2019-05-23 00:00:00,719198737.0
2019-05-24 00:00:00,719449553.0
2019-05-25 00:00:00,719642860.0
2019-05-26 00:00:00,719902169.0
2019-05-27 00:00:00,720187883.0
2019-05-28 00:00:00,721590720.0
2019-05-29 00:00:00,722144756.0
2019-05-30 00:00:00,722393843.0
2019-05-31 00:00:00,722780484.0
2019-06-01 00:00:00,723059570.0
2019-06-02 00:00:00,723245960.0
2019-06-03 00:00:00,724492504.0
2019-06-04 00:00:00,724792737.0
2019-06-05 00:00:00,725168622.0
2019-06-06 00:00:00,725560254.0
2019-06-07 00:00:00,725956873.0
2019-06-08 00:00:00,726369419.0
2019-06-09 00:00:00,726558529.0
2019-06-10 00:00:00,726751858.0
2019-06-11 00:00:00,727036735.0
2019-06-12 00:00:00,727396466.0
2019-06-13 00:00:00,727638780.0
2019-06-14 00:00:00,727917492.0
2019-06-15 00:00:00,728261768.0
2019-06-16 00:00:00,728678074.0
2019-06-17 00:00:00,728848966.0
2019-06-18 00:00:00,729000302.0
2019-06-19 00:00:00,729034140.0
2019-06-20 00:00:00,729243498.0
2019-06-21 00:00:00,729366437.0
2019-06-22 00:00:00,729567772.0
2019-06-23 00:00:00,729714236.0
2019-06-24 00:00:00,729892295.0
2019-06-25 00:00:00,730147390.0
2019-06-26 00:00:00,730238650.0
2019-06-27 00:00:00,730305815.0
2019-06-28 00:00:00,730435365.0
2019-06-29 00:00:00,730562378.0
2019-06-30 00:00:00,730668037.0
2019-07-01 00:00:00,731122075.0
2019-07-02 00:00:00,731690396.0
2019-07-03 00:00:00,731732246.0
2019-07-04 00:00:00,732151916.0
2019-07-05 00:00:00,732272521.0
2019-07-06 00:00:00,732041791.0
2019-07-07 00:00:00,732199450.0
2019-07-08 00:00:00,732015278.0
2019-07-09 00:00:00,731808451.0
2019-07-10 00:00:00,732453891.0
2019-07-11 00:00:00,732473934.0
2019-07-12 00:00:00,732680744.0
2019-07-13 00:00:00,732474617.0
2019-07-14 00:00:00,732421248.0
2019-07-15 00:00:00,732554540.0
2019-07-16 00:00:00,732377603.0
2019-07-17 00:00:00,732577942.0
2019-07-18 00:00:00,732661063.0
2019-07-19 00:00:00,732447647.0
2019-07-20 00:00:00,732560320.0
2019-07-21 00:00:00,732338133.0
2019-07-22 00:00:00,732355880.0
2019-07-23 00:00:00,732397331.0
2019-07-24 00:00:00,733082860.0
2019-07-25 00:00:00,733795271.0
2019-07-26 00:00:00,733401664.0
2019-07-27 00:00:00,733556919.0
2019-07-28 00:00:00,733729652.0
2019-07-29 00:00:00,733804934.0
2019-07-30 00:00:00,733242817.0
2019-07-31 00:00:00,733550744.0
2019-08-01 00:00:00,733512190.0
2019-08-02 00:00:00,733593765.0
2019-08-03 00:00:00,733097609.0
2019-08-04 00:00:00,732917244.0
2019-08-05 00:00:00,733626253.0
2019-08-06 00:00:00,733493019.0
2019-08-07 00:00:00,734281849.0
2019-08-08 00:00:00,734672640.0
2019-08-09 00:00:00,734788389.0
2019-08-10 00:00:00,735057656.0
2019-08-11 00:00:00,735140127.0
2019-08-12 00:00:00,735758838.0
2019-08-13 00:00:00,735729589.0
2019-08-14 00:00:00,735930140.0
2019-08-15 00:00:00,736113960.0
2019-08-16 00:00:00,736339308.0
2019-08-17 00:00:00,736576229.0
2019-08-18 00:00:00,736722636.0
2019-08-19 00:00:00,737084032.0
2019-08-20 00:00:00,737089261.0
2019-08-21 00:00:00,737436802.0
2019-08-22 00:00:00,737854319.0
2019-08-23 00:00:00,738548024.0
2019-08-24 00:00:00,738946486.0
2019-08-25 00:00:00,739271622.0
2019-08-26 00:00:00,739858889.0
2019-08-27 00:00:00,739938626.0
2019-08-28 00:00:00,740247114.0
2019-08-29 00:00:00,740520180.0
2019-08-30 00:00:00,740662739.0
2019-08-31 00:00:00,741140884.0
2019-09-01 00:00:00,742127668.0
2019-09-02 00:00:00,743494592.0
2019-09-03 00:00:00,743351554.0
2019-09-04 00:00:00,743810038.0
2019-09-05 00:00:00,744288856.0
2019-09-06 00:00:00,744597033.0
2019-09-07 00:00:00,744751307.0
2019-09-08 00:00:00,745078954.0
2019-09-09 00:00:00,745501770.0
2019-09-10 00:00:00,745586799.0
2019-09-11 00:00:00,745963315.0
2019-09-12 00:00:00,747425097.0
2019-09-13 00:00:00,748223380.0
2019-09-14 00:00:00,749058950.0
2019-09-15 00:00:00,750020607.0
2019-09-16 00:00:00,750851003.0
2019-09-17 00:00:00,751670118.0
2019-09-18 00:00:00,752813358.0
2019-09-19 00:00:00,753604969.0
2019-09-20 00:00:00,754343887.0
2019-09-21 00:00:00,755311517.0
2019-09-22 00:00:00,756257253.0
2019-09-23 00:00:00,757546166.0
2019-09-24 00:00:00,759127009.0
2019-09-25 00:00:00,760462987.0
2019-09-26 00:00:00,761652919.0
2019-09-27 00:00:00,762944446.0
2019-09-28 00:00:00,764465647.0
2019-09-29 00:00:00,766071063.0
2019-09-30 00:00:00,768050198.0
2019-10-01 00:00:00,769321026.0
2019-10-02 00:00:00,770255334.0
2019-10-03 00:00:00,771085402.0
2019-10-04 00:00:00,771976531.0
2019-10-05 00:00:00,773209130.0
2019-10-06 00:00:00,774477411.0
2019-10-07 00:00:00,775651115.0
2019-10-08 00:00:00,776776689.0
2019-10-09 00:00:00,778080739.0
2019-10-10 00:00:00,779422520.0
2019-10-11 00:00:00,780920325.0
2019-10-12 00:00:00,782311610.0
2019-10-13 00:00:00,783956300.0
2019-10-14 00:00:00,785551388.0
2019-10-15 00:00:00,787030059.0
2019-10-16 00:00:00,788540852.0
2019-10-17 00:00:00,790096356.0
2019-10-18 00:00:00,791663939.0
2019-10-19 00:00:00,793318115.0
2019-10-20 00:00:00,794858716.0
2019-10-21 00:00:00,796475407.0
2019-10-22 00:00:00,798218303.0
2019-10-23 00:00:00,799899102.0
2019-10-24 00:00:00,800990143.0
2019-10-25 00:00:00,802246729.0
2019-10-26 00:00:00,803334056.0
2019-10-27 00:00:00,804900434.0
2019-10-28 00:00:00,806372470.0
2019-10-29 00:00:00,807796904.0
2019-10-30 00:00:00,809170430.0
2019-10-31 00:00:00,810210347.0
2019-11-01 00:00:00,811266887.0
2019-11-02 00:00:00,812637615.0
2019-11-03 00:00:00,814144723.0
2019-11-04 00:00:00,815576904.0
2019-11-05 00:00:00,817129772.0
2019-11-06 00:00:00,818836312.0
2019-11-07 00:00:00,820405910.0
2019-11-08 00:00:00,821844683.0
2019-11-09 00:00:00,824089099.0
2019-11-10 00:00:00,826471788.0
2019-11-11 00:00:00,828424922.0
2019-11-12 00:00:00,829557103.0
2019-11-13 00:00:00,831513843.0
2019-11-14 00:00:00,832791019.0
2019-11-15 00:00:00,833964721.0
2019-11-16 00:00:00,834990690.0
2019-11-17 00:00:00,836189444.0
2019-11-18 00:00:00,838031468.0
2019-11-19 00:00:00,839800283.0
2019-11-20 00:00:00,840885743.0
2019-11-21 00:00:00,841894631.0
2019-11-22 00:00:00,843082398.0
2019-11-23 00:00:00,844162998.0
2019-11-24 00:00:00,845167075.0
2019-11-25 00:00:00,846144004.0
2019-11-26 00:00:00,846961776.0
2019-11-27 00:00:00,848194285.0
2019-11-28 00:00:00,849969531.0
2019-11-29 00:00:00,851692747.0
2019-11-30 00:00:00,852969927.0
2019-12-01 00:00:00,854116031.0
2019-12-02 00:00:00,856039379.0
2019-12-03 00:00:00,857914248.0
2019-12-04 00:00:00,859614458.0
2019-12-05 00:00:00,860913893.0
2019-12-06 00:00:00,862670789.0
2019-12-07 00:00:00,864362248.0
2019-12-08 00:00:00,866163876.0
2019-12-09 00:00:00,868109366.0
2019-12-10 00:00:00,869536433.0
2019-12-11 00:00:00,871198486.0
2019-12-12 00:00:00,872275362.0
2019-12-13 00:00:00,873577171.0
2019-12-14 00:00:00,875175949.0
2019-12-15 00:00:00,877149808.0
2019-12-16 00:00:00,879128455.0
2019-12-17 00:00:00,880857834.0
2019-12-18 00:00:00,882318788.0
2019-12-19 00:00:00,883425839.0
2019-12-20 00:00:00,884915018.0
2019-12-21 00:00:00,886459214.0
2019-12-22 00:00:00,887234662.0
2019-12-23 00:00:00,887852760.0
2019-12-24 00:00:00,888921750.0
2019-12-25 00:00:00,890651489.0
2019-12-26 00:00:00,892171942.0
2019-12-27 00:00:00,893799009.0
2019-12-28 00:00:00,895355370.0
2019-12-29 00:00:00,896662505.0
2019-12-30 00:00:00,898362329.0
2019-12-31 00:00:00,899766819.0
2020-01-01 00:00:00,901223256.0
2020-01-02 00:00:00,902783128.0
2020-01-03 00:00:00,904441885.0
2020-01-04 00:00:00,905907781.0
2020-01-05 00:00:00,907567037.0
2020-01-06 00:00:00,909277829.0
2020-01-07 00:00:00,910913470.0
2020-01-08 00:00:00,912527319.0
2020-01-09 00:00:00,914344601.0
2020-01-10 00:00:00,915954769.0
2020-01-11 00:00:00,917273398.0
2020-01-12 00:00:00,918779763.0
2020-01-13 00:00:00,920231553.0
2020-01-14 00:00:00,921637616.0
